<?xml version = '1.0' encoding = 'UTF-8'?>
<Diagram class="oracle.dbtools.crest.swingui.logical.DPVLogical" name="Logical" id="5B2E5088-5EA0-41C3-9BA9-28F0D71CEA1E">
<createdBy>Slave</createdBy>
<modifiedBy>Slave</modifiedBy>
<createdTime>2015-11-23 18:39:17 UTC</createdTime>
<autoRoute>false</autoRoute>
<boxInbox>true</boxInbox>
<showLegend>false</showLegend>
<showLabels>false</showLabels>
<showRelAttributes>false</showRelAttributes>
<gridEnabled>false</gridEnabled>
<showGrid>false</showGrid>
<diagramColor>-1</diagramColor>
<display>false</display>
<notation>2</notation>
<objectViews>
<OView class="oracle.dbtools.crest.swingui.logical.TVEntity" oid="60D90F4A-0E59-2ACE-B114-8E9EA9C788A7" otype="Entity" vid="B255BF0E-551B-D791-2EAF-6A229FB6C059">
<hideElementsInCurrentOnly>false</hideElementsInCurrentOnly>
<bounds x="70" y="67" width="271" height="180"/>
</OView>
<OView class="oracle.dbtools.crest.swingui.logical.TVEntity" oid="DB4F26AF-5168-AFE3-9183-17A5A3041AC0" otype="Entity" vid="BF4637D8-9EAE-5859-090C-4FF4CD37850B">
<hideElementsInCurrentOnly>false</hideElementsInCurrentOnly>
<bounds x="464" y="97" width="170" height="110"/>
</OView>
</objectViews>
<connectors>
<Connector class="oracle.dbtools.crest.swingui.logical.TVRelation" oid="56BA3B9E-E229-1F8E-B5EE-CAE1A88CAE20" otype="Relation" vid_source="B255BF0E-551B-D791-2EAF-6A229FB6C059" vid_target="BF4637D8-9EAE-5859-090C-4FF4CD37850B">
<hideElementsInCurrentOnly>false</hideElementsInCurrentOnly>
<lineWidth>1</lineWidth>
<points>
<point x="341" y="152"/>
<point x="464" y="152"/>
</points>
</Connector>
</connectors>
</Diagram>