<?xml version = '1.0' encoding = 'UTF-8'?>
<Relation class="oracle.dbtools.crest.model.design.logical.Relation" name="Relation_1" directorySegmentName="seg_0" id="56BA3B9E-E229-1F8E-B5EE-CAE1A88CAE20">
<createdBy>Slave</createdBy>
<createdTime>2015-11-23 18:52:02 UTC</createdTime>
<ownerDesignName>Conceptual</ownerDesignName>
<engineerTo>
<item key="8121FB94-3A89-2A5B-FE07-8E9F09A8F273" value="true"/>
</engineerTo>
<identifying>false</identifying>
<optionalSource>true</optionalSource>
<optionalTarget>false</optionalTarget>
<sourceCardinality>*</sourceCardinality>
<sourceEntity>60D90F4A-0E59-2ACE-B114-8E9EA9C788A7</sourceEntity>
<targetCardinalityString>*</targetCardinalityString>
<targetEntity>DB4F26AF-5168-AFE3-9183-17A5A3041AC0</targetEntity>
<transferable>true</transferable>
<deleteRule>NO ACTION</deleteRule>
</Relation>