<?xml version = '1.0' encoding = 'UTF-8'?>
<Entity class="oracle.dbtools.crest.model.design.logical.Entity" directorySegmentName="seg_0" id="60D90F4A-0E59-2ACE-B114-8E9EA9C788A7" name="champ">
<createdBy>Slave</createdBy>
<createdTime>2015-11-23 18:43:24 UTC</createdTime>
<ownerDesignName>Conceptual</ownerDesignName>
<engineerTo>
<item key="8121FB94-3A89-2A5B-FE07-8E9F09A8F273" value="true"/>
</engineerTo>
<adequatelyNormalized>NO</adequatelyNormalized>
<expectedVolumes>0</expectedVolumes>
<fwdEngineeringStrategyName>Single Table</fwdEngineeringStrategyName>
<growthPercent>0</growthPercent>
<growthType>Year</growthType>
<maxVolumes>9999999</maxVolumes>
<minVolumes>0</minVolumes>
<normalForm>Third</normalForm>
<attributes itemClass="oracle.dbtools.crest.model.design.logical.Attribute">
<Attribute name="champno" id="255483B9-115E-8F09-D841-AA82BF7D8EC7">
<createdBy>Slave</createdBy>
<createdTime>2015-11-23 18:44:43 UTC</createdTime>
<ownerDesignName>Conceptual</ownerDesignName>
<engineerTo>
<item key="8121FB94-3A89-2A5B-FE07-8E9F09A8F273" value="true"/>
</engineerTo>
<useDomainConstraints>false</useDomainConstraints>
<use>1</use>
<logicalDatatype>LOGDT011</logicalDatatype>
<ownDataTypeParameters>,,</ownDataTypeParameters>
</Attribute>
<Attribute name="champ_name" id="F1BC1827-0046-EC35-3D84-C0AB5A533155">
<createdBy>Slave</createdBy>
<createdTime>2015-11-23 18:44:56 UTC</createdTime>
<ownerDesignName>Conceptual</ownerDesignName>
<engineerTo>
<item key="8121FB94-3A89-2A5B-FE07-8E9F09A8F273" value="true"/>
</engineerTo>
<nullsAllowed>true</nullsAllowed>
<useDomainConstraints>false</useDomainConstraints>
<use>1</use>
<logicalDatatype>LOGDT024</logicalDatatype>
<dataTypeSize>255</dataTypeSize>
<ownDataTypeParameters>255,,</ownDataTypeParameters>
</Attribute>
<Attribute name="bar" id="A07C8A43-37DB-DA0E-25C5-9E90AF32C1F1">
<createdBy>Slave</createdBy>
<createdTime>2015-11-23 18:45:43 UTC</createdTime>
<ownerDesignName>Conceptual</ownerDesignName>
<engineerTo>
<item key="8121FB94-3A89-2A5B-FE07-8E9F09A8F273" value="true"/>
</engineerTo>
<nullsAllowed>true</nullsAllowed>
<useDomainConstraints>false</useDomainConstraints>
<use>1</use>
<logicalDatatype>LOGDT024</logicalDatatype>
<dataTypeSize>4</dataTypeSize>
<ownDataTypeParameters>4,,</ownDataTypeParameters>
</Attribute>
<Attribute name="mvt_speed" id="52974BF2-79DD-6269-DFD7-019A9CD02443">
<createdBy>Slave</createdBy>
<createdTime>2015-11-23 18:46:01 UTC</createdTime>
<ownerDesignName>Conceptual</ownerDesignName>
<engineerTo>
<item key="8121FB94-3A89-2A5B-FE07-8E9F09A8F273" value="true"/>
</engineerTo>
<nullsAllowed>true</nullsAllowed>
<useDomainConstraints>false</useDomainConstraints>
<use>1</use>
<logicalDatatype>LOGDT011</logicalDatatype>
<ownDataTypeParameters>,,</ownDataTypeParameters>
</Attribute>
<Attribute name="armor" id="BBED9B58-997F-49D3-B0A1-0ADB9F469707">
<createdBy>Slave</createdBy>
<createdTime>2015-11-23 18:46:19 UTC</createdTime>
<ownerDesignName>Conceptual</ownerDesignName>
<engineerTo>
<item key="8121FB94-3A89-2A5B-FE07-8E9F09A8F273" value="true"/>
</engineerTo>
<nullsAllowed>true</nullsAllowed>
<useDomainConstraints>false</useDomainConstraints>
<use>1</use>
<logicalDatatype>LOGDT011</logicalDatatype>
<ownDataTypeParameters>,,</ownDataTypeParameters>
</Attribute>
<Attribute name="atk_dmg" id="C912B489-B2B6-DCD3-9E1A-485B8052C14D">
<createdBy>Slave</createdBy>
<createdTime>2015-11-23 18:46:29 UTC</createdTime>
<ownerDesignName>Conceptual</ownerDesignName>
<engineerTo>
<item key="8121FB94-3A89-2A5B-FE07-8E9F09A8F273" value="true"/>
</engineerTo>
<nullsAllowed>true</nullsAllowed>
<useDomainConstraints>false</useDomainConstraints>
<use>1</use>
<logicalDatatype>LOGDT011</logicalDatatype>
<ownDataTypeParameters>,,</ownDataTypeParameters>
</Attribute>
<Attribute name="role_id" id="46B18221-1962-4E98-5FD7-14336F1FD14D">
<createdBy>Slave</createdBy>
<createdTime>2015-11-23 18:47:24 UTC</createdTime>
<ownerDesignName>Conceptual</ownerDesignName>
<engineerTo>
<item key="8121FB94-3A89-2A5B-FE07-8E9F09A8F273" value="true"/>
</engineerTo>
<nullsAllowed>true</nullsAllowed>
<useDomainConstraints>false</useDomainConstraints>
<use>1</use>
<logicalDatatype>LOGDT011</logicalDatatype>
<ownDataTypeParameters>,,</ownDataTypeParameters>
</Attribute>
</attributes>
<identifiers itemClass="oracle.dbtools.crest.model.design.logical.CandidateKey">
<identifier id="35D7A6B5-F9A3-A697-1939-97E7ACCF68E0" name="champ PK">
<createdBy>Slave</createdBy>
<createdTime>2015-11-23 18:44:52 UTC</createdTime>
<ownerDesignName>Conceptual</ownerDesignName>
<engineerTo>
<item key="8121FB94-3A89-2A5B-FE07-8E9F09A8F273" value="true"/>
</engineerTo>
<pk>true</pk>
<usedAttributes>
<attributeRef>255483B9-115E-8F09-D841-AA82BF7D8EC7</attributeRef>
</usedAttributes>
</identifier>
</identifiers>
</Entity>