<?xml version = '1.0' encoding = 'UTF-8'?>
<Entity class="oracle.dbtools.crest.model.design.logical.Entity" directorySegmentName="seg_0" id="DB4F26AF-5168-AFE3-9183-17A5A3041AC0" name="role">
<createdBy>Slave</createdBy>
<createdTime>2015-11-23 18:47:57 UTC</createdTime>
<ownerDesignName>Conceptual</ownerDesignName>
<engineerTo>
<item key="8121FB94-3A89-2A5B-FE07-8E9F09A8F273" value="true"/>
</engineerTo>
<adequatelyNormalized>NO</adequatelyNormalized>
<expectedVolumes>0</expectedVolumes>
<fwdEngineeringStrategyName>Single Table</fwdEngineeringStrategyName>
<growthPercent>0</growthPercent>
<growthType>Year</growthType>
<maxVolumes>9999999</maxVolumes>
<minVolumes>0</minVolumes>
<normalForm>Third</normalForm>
<attributes itemClass="oracle.dbtools.crest.model.design.logical.Attribute">
<Attribute name="role_id" id="28290070-A3B2-3703-93FB-163251963A33">
<createdBy>Slave</createdBy>
<createdTime>2015-11-23 18:48:05 UTC</createdTime>
<ownerDesignName>Conceptual</ownerDesignName>
<engineerTo>
<item key="8121FB94-3A89-2A5B-FE07-8E9F09A8F273" value="true"/>
</engineerTo>
<useDomainConstraints>false</useDomainConstraints>
<use>1</use>
<logicalDatatype>LOGDT011</logicalDatatype>
<ownDataTypeParameters>,,</ownDataTypeParameters>
</Attribute>
<Attribute name="role_name" id="9A7A0F63-2B6F-0857-50F1-5306B2F559F7">
<createdBy>Slave</createdBy>
<createdTime>2015-11-23 18:48:05 UTC</createdTime>
<ownerDesignName>Conceptual</ownerDesignName>
<engineerTo>
<item key="8121FB94-3A89-2A5B-FE07-8E9F09A8F273" value="true"/>
</engineerTo>
<nullsAllowed>true</nullsAllowed>
<useDomainConstraints>false</useDomainConstraints>
<use>1</use>
<logicalDatatype>LOGDT024</logicalDatatype>
<dataTypeSize>8</dataTypeSize>
<ownDataTypeParameters>8,,</ownDataTypeParameters>
</Attribute>
<Attribute name="lane" id="1F6AD40C-7293-D94E-8110-4E643DA28117">
<createdBy>Slave</createdBy>
<createdTime>2015-11-23 18:48:06 UTC</createdTime>
<ownerDesignName>Conceptual</ownerDesignName>
<engineerTo>
<item key="8121FB94-3A89-2A5B-FE07-8E9F09A8F273" value="true"/>
</engineerTo>
<nullsAllowed>true</nullsAllowed>
<useDomainConstraints>false</useDomainConstraints>
<use>1</use>
<logicalDatatype>LOGDT024</logicalDatatype>
<dataTypeSize>3</dataTypeSize>
<ownDataTypeParameters>3,,</ownDataTypeParameters>
</Attribute>
</attributes>
<identifiers itemClass="oracle.dbtools.crest.model.design.logical.CandidateKey">
<identifier id="1E3E2A7B-6780-8B8A-8CFA-0DF9E2A553AB" name="role PK">
<createdBy>Slave</createdBy>
<createdTime>2015-11-23 18:53:01 UTC</createdTime>
<ownerDesignName>Conceptual</ownerDesignName>
<engineerTo>
<item key="8121FB94-3A89-2A5B-FE07-8E9F09A8F273" value="true"/>
</engineerTo>
<pk>true</pk>
<usedAttributes>
<attributeRef>28290070-A3B2-3703-93FB-163251963A33</attributeRef>
</usedAttributes>
</identifier>
</identifiers>
</Entity>